date,topic,arxiv_id,title,arxiv_category,role,used_in_article,main_area,sub_area,method_tag
2026-05-26,magnon-polaron-spin-coupling,10.1007/s11433-025-2884-7,Effective spin-spin coupling in magnon-polarons toward acoustic-assisted probing of magnetic domains,cond-mat.mes-hall,anchor,yes,spintronics,magnetoelastic coupling;magnon-phonon hybridization;acoustic probing,LLG equation;frequency-domain micromagnetics;COMSOL;Floquet boundary condition
2026-05-26,magnon-polaron-spin-coupling,10.1103/PhysRevB.86.134415,Surface acoustic wave driven ferromagnetic resonance in nickel thin films: theory and experiment,cond-mat.mes-hall,related,yes,spintronics,SAW-driven FMR;magnetoelastic coupling,surface acoustic wave;spin wave;magnon-polaron theory
2026-05-26,magnon-polaron-spin-coupling,10.1073/pnas.1808534115,Intrinsic spin of elastic waves,physics.class-ph,related,yes,phononics,phonon spin angular momentum;elastic wave chirality,PNAS 2018;continuum field theory
2026-05-26,magnon-polaron-spin-coupling,10.1103/PhysRevB.104.014403,Spin-wave coupling to elastic waves in yttrium iron garnet,cond-mat.mes-hall,related,yes,spintronics,magnon-phonon spin;YIG;magnetoelastic,Phys Rev B 2021;theory;YIG parameters
2026-05-26,magnon-polaron-spin-coupling,10.1103/PhysRevLett.132.056704,Strongly coupled spin waves and surface acoustic waves at room temperature,cond-mat.mes-hall,related,yes,spintronics,strong coupling;SAW;CoFeB;room temperature,Phys Rev Lett 2024;on-chip SAW resonator;anticrossing
2026-05-26,magnon-polaron-spin-coupling,10.1126/sciadv.abb1724,Nonreciprocal surface acoustic wave propagation via magneto-rotation coupling,cond-mat.mes-hall,related,yes,spintronics,nonreciprocal SAW;magneto-rotation coupling;chiral coupling,Science Advances 2020;CoFeB;IDT
2026-05-26,magnon-polaron-spin-coupling,10.1063/5.0143262,A frequency-domain micromagnetic simulation module based on COMSOL Multiphysics,cond-mat.mtrl-sci,related,yes,materials-informatics,frequency-domain LLG;spin wave simulation;COMSOL,AIP Advances 2023;FD-LLG;eigenvalue
2026-05-26,magnon-polaron-spin-coupling,10.1038/s44306-024-00052-1,Hybrid magnon-phonon crystals,cond-mat.mes-hall,related,yes,spintronics,magnonic crystal;phononic crystal;topology;nonreciprocal,npj Spintronics 2024;perspective;future directions
2026-05-26,magnon-polaron-spin-coupling,arXiv:2603.05132,Inverse-design of two-dimensional magnonic crystals via topology optimization with frequency-domain micromagnetics,cond-mat.mtrl-sci,related,yes,materials-informatics,inverse design;magnonic crystal;topology optimization;genetic algorithm,arXiv 2026;FD-LLG;band gap;COMSOL
