date,topic,arxiv_id,title,category,role,used_in_article,main-area,sub-area,method-tag
2026-03-31,CrSBr-trARPES-exciton,2603.26294,"Ultrafast Formation and Annihilation of Strongly Bound, Anisotropic Excitons",cond-mat.mtrl-sci,anchor,yes,Nonequilibrium and Dynamic Response,Excitons and Photoinduced Response;Magnons and Spin Dynamics,Pump-Probe Measurements
2026-03-31,CrSBr-trARPES-exciton,2603.13494,"Accurate electronic and optical properties of bulk antiferromagnet CrSBr via a tuned hybrid density functional with on-site corrections",cond-mat.mtrl-sci,related,yes,Computation and Theory,Excitons and Photoinduced Response;Low-Dimensional Materials,First-Principles Calculations
2026-03-31,CrSBr-trARPES-exciton,2603.10698,"Dielectric Tensor of CrSBr from Spectroscopic Imaging Ellipsometry",cond-mat.mtrl-sci,related,yes,Measurement and Spectroscopy,Excitons and Photoinduced Response;Low-Dimensional Materials,Synchrotron Measurements
2026-03-31,CrSBr-trARPES-exciton,2603.06096,"Long-Lived Interlayer Excitons and Type-II Band Alignment in Janus MoTe2/CrSBr van der Waals Heterostructures",cond-mat.mtrl-sci,related,yes,Nonequilibrium and Dynamic Response,Excitons and Photoinduced Response;Heterostructures,First-Principles Calculations
2026-03-31,CrSBr-trARPES-exciton,2601.05413,"Magnetic switching of exciton lifetime in CrSBr",cond-mat.mes-hall,related,yes,Nonequilibrium and Dynamic Response,Excitons and Photoinduced Response;Magnons and Spin Dynamics,Pump-Probe Measurements
2026-03-31,CrSBr-trARPES-exciton,2511.20268,"Magnetic Order Unlocks Optical Access to Dark Excitons in CrSBr",cond-mat.mtrl-sci,related,yes,Nonequilibrium and Dynamic Response,Excitons and Photoinduced Response;Magnons and Spin Dynamics,Pump-Probe Measurements
2026-03-31,CrSBr-trARPES-exciton,2501.06372,"Observation of anisotropic dispersive dark exciton dynamics in CrSBr",cond-mat.str-el,related,yes,Measurement and Spectroscopy,Excitons and Photoinduced Response;Low-Dimensional Materials,Synchrotron Measurements
2026-03-31,CrSBr-trARPES-exciton,2411.14943,"Exciton Dressing by Extreme Nonlinear Magnons in a Layered Semiconductor",cond-mat.mes-hall,related,yes,Nonequilibrium and Dynamic Response,Excitons and Photoinduced Response;Magnons and Spin Dynamics,Pump-Probe Measurements
2026-03-29,liquid-cell-TEM-nanocrystal-dynamics,2603.24776,"Visualizing Millisecond Atomic Dynamics of Nanocrystals in Liquid",cond-mat.mtrl-sci,anchor,yes,Measurement and Spectroscopy,Nanostructures;Nonequilibrium and Dynamic Response,TEM;Machine Learning
2026-03-29,liquid-cell-TEM-nanocrystal-dynamics,2601.07699,"Noise2Void for Denoising Atomic Resolution Scanning Transmission Electron Microscopy Images",cond-mat.mtrl-sci,related,yes,Measurement and Spectroscopy,Nanostructures,TEM;Machine Learning
2026-03-29,liquid-cell-TEM-nanocrystal-dynamics,2505.01789,"Enhancing atomic-resolution in electron microscopy: A frequency-domain deep learning denoiser",cond-mat.mtrl-sci,related,yes,Measurement and Spectroscopy,Nanostructures,TEM;Machine Learning
2026-03-29,liquid-cell-TEM-nanocrystal-dynamics,2512.04045,"Machine Learning Pipeline for Denoising Low Signal-To-Noise Ratio and Out-of-Distribution Transmission Electron Microscopy Datasets",cond-mat.mtrl-sci,related,yes,Measurement and Spectroscopy,Nanostructures,TEM;Machine Learning
2026-03-29,liquid-cell-TEM-nanocrystal-dynamics,2512.23588,"Exploring phase transitions and thermal dynamics in nanoconfined liquid crystals using liquid-phase TEM",cond-mat.soft,related,yes,Measurement and Spectroscopy,Nanostructures;Phase Transitions,TEM
2026-03-29,liquid-cell-TEM-nanocrystal-dynamics,2603.25556,"Atomic-Scale Insights into Copper Corrosion in Acidic Environment through Cryogenic Atom Probe Tomography of 3D-Electrodeposited Microcorrosion Cell",cond-mat.mtrl-sci,related,yes,Measurement and Spectroscopy,Nanostructures;Defects and Impurities,Synchrotron Measurements
2026-03-29,Nb3Cl8-Mott-exciton-dimension,2603.22695,"Dimensionality-Dependent Exciton Dispersion in a Single-Band Mott Insulator",cond-mat.str-el,anchor,yes,Superconductivity and Strongly Correlated Systems,Excitons and Photoinduced Response;Low-Dimensional Materials,Measurement and Spectroscopy
2026-03-29,Nb3Cl8-Mott-exciton-dimension,2205.11462,"Discovery of a Single-Band Mott Insulator in a van der Waals Flat-Band Compound",cond-mat.str-el,related,yes,Superconductivity and Strongly Correlated Systems,Excitons and Photoinduced Response;Low-Dimensional Materials,Synchrotron Measurements
2026-03-29,Nb3Cl8-Mott-exciton-dimension,2408.00145,"Energy-lowering symmetry breaking creates a flat-band insulator in paramagnetic Nb3Cl8",cond-mat.mtrl-sci,related,yes,Superconductivity and Strongly Correlated Systems,Low-Dimensional Materials;Phase Transitions,First-Principles Calculations
2026-03-29,Nb3Cl8-Mott-exciton-dimension,2503.12903,"Antiferromagnetic Spin Fluctuations and Structural Transition in Cluster Mott Insulator Candidate Nb3Cl8",cond-mat.str-el,related,yes,Magnetism and Spin,Spin Liquids and Quantum Many-Body Systems;Low-Dimensional Materials,
2026-03-29,Nb3Cl8-Mott-exciton-dimension,2506.08730,"Evidence of Mott Insulator with Thermally Induced Melting Behavior in Kagome Compound Nb3Cl8",cond-mat.str-el,related,yes,Superconductivity and Strongly Correlated Systems,Low-Dimensional Materials;Phase Transitions,Transport Measurements
2026-03-29,Nb3Cl8-Mott-exciton-dimension,2505.04400,"Direct evidence of intrinsic Mott state and its layer-parity oscillation in a breathing kagome crystal",cond-mat.str-el,related,yes,Superconductivity and Strongly Correlated Systems,Low-Dimensional Materials;Charge Orbital and Spin Order,STM/STS
2026-03-29,Nb3Cl8-Mott-exciton-dimension,2603.18982,"Photoemission Signatures of Photoinduced Carriers and Excitons in One-Dimensional Mott Insulators",cond-mat.str-el,related,yes,Superconductivity and Strongly Correlated Systems,Excitons and Photoinduced Response;Charge Orbital and Spin Order,
2026-03-29,Nb3Cl8-Mott-exciton-dimension,2512.17099,"Driving the field-free Josephson diode effect using Kagome Mott insulator barriers",cond-mat.supr-con,related,yes,Superconductivity and Strongly Correlated Systems,Devices and Functional Materials;Low-Dimensional Materials,Transport Measurements
2026-03-29,Nb3Cl8-Mott-exciton-dimension,2306.11905,"Raman Study of Layered Breathing Kagome Lattice Semiconductor Nb3Cl8",cond-mat.mtrl-sci,related,yes,Superconductivity and Strongly Correlated Systems,Low-Dimensional Materials;Phonons and Thermal Properties,
2026-03-29,phonon-thermal-Hall,2602.05569,"Microscopic origin of an exceptionally large phonon thermal Hall effect from charge puddles in a topological insulator",cond-mat.str-el,anchor,yes,Phonons and Thermal Properties,Thermal Transport;Topological Properties,Transport Measurements
2026-03-29,phonon-thermal-Hall,2401.03064,"Phonon thermal Hall effect in charge-compensated topological insulators",cond-mat.str-el,related,yes,Phonons and Thermal Properties,Thermal Transport;Topological Properties,Transport Measurements
2026-03-29,phonon-thermal-Hall,2601.13283,"Surface Phonon Hall Viscosity Induced Phonon Chirality and Nonreciprocity in Magnetic Topological Insulator Films",cond-mat.mes-hall,related,yes,Phonons and Thermal Properties,Thermal Transport;Topological Properties,First-Principles Calculations
2026-03-29,phonon-thermal-Hall,2603.08777,"Thermal Hall conductivity from semiclassical spin dynamics simulations: implementation and applications to chiral ferromagnets and Kitaev magnets",cond-mat.str-el,related,yes,Phonons and Thermal Properties,Thermal Transport;Magnons and Spin Dynamics,Monte Carlo
2026-03-29,phonon-thermal-Hall,2603.10605,"Formulation of intrinsic nonlinear thermal conductivity for bosonic systems using quantum kinetic equation",cond-mat.str-el,related,yes,Phonons and Thermal Properties,Nonlinear Response;Thermal Transport,
2026-03-29,phonon-thermal-Hall,2511.08932,"Phonon Thermal Hall Effect: The Roles of Disorder Annealing and Metallic Contacts",cond-mat.str-el,related,yes,Phonons and Thermal Properties,Thermal Transport;Phase Transitions,Transport Measurements
2026-03-29,phonon-thermal-Hall,2110.13277,"Large Phonon Thermal Hall Conductivity in a Simple Antiferromagnetic Insulator",cond-mat.str-el,related,yes,Phonons and Thermal Properties,Thermal Transport;Magnetic Anisotropy,Transport Measurements
2026-03-29,phonon-thermal-Hall,2207.02240,"Phonons behave like Electrons in the Thermal Hall Effect of the Cuprates",cond-mat.str-el,related,yes,Phonons and Thermal Properties,Thermal Transport;Charge Orbital and Spin Order,Transport Measurements
2026-03-29,superconducting-diode-effect,2603.25147,"Vortex-driven superconducting diode effect in asymmetric multilayer heterostructures",cond-mat.supr-con,anchor,yes,Superconductivity and Strongly Correlated Systems,Nonequilibrium and Dynamic Response;Devices and Functional Materials,Phase-Field Method
2026-03-29,superconducting-diode-effect,2510.25864,"Theories of superconducting diode effects",cond-mat.supr-con,related,yes,Superconductivity and Strongly Correlated Systems,Nonequilibrium and Dynamic Response;Devices and Functional Materials,
2026-03-29,superconducting-diode-effect,2503.16391,"Intrinsic superconducting diode effect and nonreciprocal superconductivity in rhombohedral graphene multilayers",cond-mat.supr-con,related,yes,Superconductivity and Strongly Correlated Systems,Low-Dimensional Materials;Nonequilibrium and Dynamic Response,First-Principles Calculations
2026-03-29,superconducting-diode-effect,2512.02575,"Intrinsic and Tunable Superconducting Diode Effect in Quantum Spin Hall Systems",cond-mat.supr-con,related,yes,Superconductivity and Strongly Correlated Systems,Topological Properties;Devices and Functional Materials,
2026-03-29,superconducting-diode-effect,2603.01207,"Superconducting diode effect in multichannel Majorana wires",cond-mat.supr-con,related,yes,Superconductivity and Strongly Correlated Systems,Topological Properties;Nonequilibrium and Dynamic Response,
2026-03-29,superconducting-diode-effect,2502.11717,"Superconducting Diode Effects: Mechanisms Materials and Applications",cond-mat.supr-con,related,yes,Superconductivity and Strongly Correlated Systems,Devices and Functional Materials;Nonequilibrium and Dynamic Response,
2026-03-29,superconducting-diode-effect,2301.07121,"Direct Observation of a Superconducting Vortex Diode",cond-mat.supr-con,related,yes,Superconductivity and Strongly Correlated Systems,Nonequilibrium and Dynamic Response;Thin Films and Interfaces,Transport Measurements
2026-03-29,topological-kagome-Fe3Sn2-pressure,2603.25271,"Structural and magnetic phases of topological kagome metal Fe3Sn2 under pressure",cond-mat.str-el,anchor,yes,Magnetism and Spin,Topological Properties;High-Magnetic-Field Properties,Synchrotron Measurements;First-Principles Calculations
2026-03-29,topological-kagome-Fe3Sn2-pressure,2502.03239,"Easy-cone state mediating the spin reorientation in topological kagome magnet Fe3Sn2",cond-mat.mtrl-sci,related,yes,Magnetism and Spin,Magnetic Anisotropy;Topological Properties,Synchrotron Measurements
2026-03-29,topological-kagome-Fe3Sn2-pressure,2412.12684,"Strain engineering of magnetic anisotropy in the kagome magnet Fe3Sn2",cond-mat.mtrl-sci,related,yes,Magnetism and Spin,Magnetic Anisotropy;Thin Films and Interfaces,TEM
2026-03-29,topological-kagome-Fe3Sn2-pressure,2505.09891,"Complex electronic topography and magnetotransport in an in-plane ferromagnetic kagome metal",cond-mat.mtrl-sci,related,yes,Electronic Structure,Topological Properties;Low-Dimensional Materials,Synchrotron Measurements;First-Principles Calculations
2026-03-29,topological-kagome-Fe3Sn2-pressure,2512.20297,"Multiple topological phases of magnons induced by Dzyaloshinskii-Moriya and pseudodipolar anisotropic exchange interactions in Kagome ferromagnets",cond-mat.str-el,related,yes,Magnetism and Spin,Magnons and Spin Dynamics;Topological Properties,
2026-03-29,topological-kagome-Fe3Sn2-pressure,2405.15210,"Giant plateau-like topological Hall effect controlled by tailoring the magnetic exchange stiffness in a kagome magnet",cond-mat.str-el,related,yes,Magnetism and Spin,Topological Properties;Charge Orbital and Spin Order,Transport Measurements
2026-03-29,topological-kagome-Fe3Sn2-pressure,2202.04177,"Plethora of tunable Weyl fermions in kagome magnet Fe3Sn2 thin films",cond-mat.mtrl-sci,related,yes,Magnetism and Spin,Topological Properties;Thin Films and Interfaces,STM/STS
2026-03-29,topological-kagome-Fe3Sn2-pressure,2502.02123,"High-pressure modulation of breathing kagome lattice: Cascade of Lifshitz transitions and evolution of the electronic structure",cond-mat.str-el,related,yes,Electronic Structure,Topological Properties;Phase Transitions,
2026-03-29,orbital-order-altermagnet-2D,2603.25426,"Correlation-Driven Orbital Order Realizes 2D Metallic Altermagnetism",cond-mat.mes-hall,anchor,yes,Electronic Structure,Orbital Physics;Charge Orbital and Spin Order,First-Principles Calculations;Monte Carlo
2026-03-29,orbital-order-altermagnet-2D,2602.23522,"Spontaneous altermagnetism in multi-orbital correlated electron systems",cond-mat.str-el,related,yes,Electronic Structure,Orbital Physics;Spin Liquids and Quantum Many-Body Systems,Monte Carlo
2026-03-29,orbital-order-altermagnet-2D,2512.23290,"Atomic-scale spin sensing of a 2D d-wave altermagnet via helical tunneling",cond-mat.str-el,related,yes,Electronic Structure,Charge Orbital and Spin Order;Low-Dimensional Materials,STM/STS
2026-03-29,orbital-order-altermagnet-2D,2602.19734,"Twist-induced altermagnetism in a metallic van der Waals antiferromagnet",cond-mat.mtrl-sci,related,yes,Electronic Structure,Orbital Physics;Low-Dimensional Materials,First-Principles Calculations
2026-03-29,orbital-order-altermagnet-2D,2603.12259,"Emergent Anomalous Hall Effect from Surface States in the Altermagnet MnTe Thin Films",cond-mat.mtrl-sci,related,yes,Electronic Structure,Thin Films and Interfaces;Charge Orbital and Spin Order,First-Principles Calculations;Transport Measurements
2026-03-29,orbital-order-altermagnet-2D,2601.19560,"All-electrical switching of spin texture in a strain-tunable 2D Janus ferroelectric altermagnet",cond-mat.mtrl-sci,related,yes,Electronic Structure,Orbital Physics;Coupled-Field Response,First-Principles Calculations
2026-03-29,orbital-order-altermagnet-2D,2507.00837,"Spontaneous emergence of altermagnetism in the single-orbital extended Hubbard model",cond-mat.str-el,related,yes,Electronic Structure,Charge Orbital and Spin Order;Phase Transitions,
2026-03-29,nonlinear-photocurrent-Bi2Se3,2603.24834,"Engineering Nonlinear Optical Responses via Inversion Symmetry Breaking in Bilayer Bi2Se3",cond-mat.mtrl-sci,anchor,yes,Electronic Structure,Nonlinear Response;Topological Properties,First-Principles Calculations
2026-03-29,nonlinear-photocurrent-Bi2Se3,2301.05271,"Observation of terahertz second harmonic generation from Dirac surface states in the topological insulator Bi2Se3",cond-mat.mes-hall,related,yes,Measurement and Spectroscopy,Nonlinear Response;Topological Properties,Pump-Probe Measurements
2026-03-29,nonlinear-photocurrent-Bi2Se3,2508.12414,"Bulk photovoltaic effects in the Haldane model",cond-mat.mes-hall,related,yes,Electronic Structure,Topological Properties;Nonlinear Response,First-Principles Calculations
2026-03-29,nonlinear-photocurrent-Bi2Se3,2601.01059,"Photogalvanic currents from first-principles real-time density-matrix dynamics",cond-mat.mtrl-sci,related,yes,Computation and Theory,Nonlinear Response;Coupled-Field Response,First-Principles Calculations
2026-03-29,nonlinear-photocurrent-Bi2Se3,2602.12553,"Photogalvanic Effects in Surface States of Topological Insulators under Perpendicular Magnetic Fields",cond-mat.mes-hall,related,yes,Electronic Structure,Nonlinear Response;Topological Properties,
2026-03-29,nonlinear-photocurrent-Bi2Se3,2510.23971,"Nonlinear Layer Hall Effect and Detection of the Hidden Berry Curvature Dipole in PT-Symmetric Antiferromagnetic Insulators",cond-mat.mes-hall,related,yes,Electronic Structure,Nonlinear Response;Charge Orbital and Spin Order,
2026-03-29,nonlinear-photocurrent-Bi2Se3,2603.03670,"Nonvolatile Control of Nonlinear Hall and Circular Photogalvanic Effects via Berry Curvature Dipole in Multiferroic Monolayer CrNBr2",cond-mat.mtrl-sci,related,yes,Electronic Structure,Nonlinear Response;Low-Dimensional Materials,First-Principles Calculations
2026-03-31,XMCD-altermagnetism,2603.03694,"X-ray magnetic circular dichroism evidence of intrinsic d-wave altermagnetism in rutile-structure NiF2",cond-mat.str-el,anchor,yes,Magnetism and Spin,Charge Orbital and Spin Order;Spin-Orbit Interaction,Synchrotron Measurements
2026-03-31,XMCD-altermagnetism,2603.00442,"Altermagnetic XMCD in Hematite Distinct from Weak Ferromagnetic Contributions",cond-mat.str-el,related,yes,Magnetism and Spin,Charge Orbital and Spin Order;Spin-Orbit Interaction,Synchrotron Measurements
2026-03-31,XMCD-altermagnetism,2603.09934,"Nanoscale imaging of spin textures with locally varying altermagnetic response in alpha-Fe2O3",cond-mat.mtrl-sci,related,yes,Magnetism and Spin,Charge Orbital and Spin Order;Low-Dimensional Materials,Synchrotron Measurements
2026-03-31,XMCD-altermagnetism,2512.11664,"X-ray magnetic circular dichroism of altermagnet alpha-Fe2O3 based on multiplet ligand-field theory using Wannier orbitals",cond-mat.str-el,related,yes,Computation and Theory,Charge Orbital and Spin Order;Spin-Orbit Interaction,First-Principles Calculations
2026-03-31,XMCD-altermagnetism,2504.16461,"Sum rules for x-ray circular and linear dichroism based on complete magnetic multipole basis",cond-mat.str-el,related,yes,Measurement and Spectroscopy,Charge Orbital and Spin Order;Spin-Orbit Interaction,Synchrotron Measurements
2026-03-31,XMCD-altermagnetism,2305.03588,"X-ray Magnetic Circular Dichroism in Altermagnetic alpha-MnTe",cond-mat.str-el,related,yes,Magnetism and Spin,Charge Orbital and Spin Order;Spin-Orbit Interaction,Synchrotron Measurements;First-Principles Calculations
2026-03-31,XMCD-altermagnetism,2510.08998,"X-ray imaging of antiferromagnetic octupole domains in Mn3Sn",cond-mat.mtrl-sci,related,yes,Magnetism and Spin,Charge Orbital and Spin Order;Nonequilibrium and Dynamic Response,Synchrotron Measurements
2026-03-31,XMCD-altermagnetism,2503.02533,"Systematic Mapping of Altermagnetic Magnons by Resonant Inelastic X-Ray Circular Dichroism",cond-mat.str-el,related,yes,Magnetism and Spin,Magnons and Spin Dynamics;Charge Orbital and Spin Order,Synchrotron Measurements
2026-03-31,XMCD-altermagnetism,2603.09074,"Spectral Indicators of Piezomagnetically Induced Symmetry Breaking in Altermagnets",cond-mat.str-el,related,yes,Magnetism and Spin,Charge Orbital and Spin Order;Magnetostriction and Magnetoelasticity,Synchrotron Measurements
2026-03-31,XMCD-altermagnetism,2105.05820,"Altermagnetism: spin-momentum locked phase protected by non-relativistic symmetries",cond-mat.mes-hall,related,yes,Magnetism and Spin,Charge Orbital and Spin Order;Topological Properties,First-Principles Calculations
2026-03-31,RIXS-chiral-phonon-BaTiO3,2603.06144,"Electric field switching of chiral phonons",cond-mat.mtrl-sci,anchor,yes,Phonons and Thermal Properties,Coupled-Field Response;Nonequilibrium and Dynamic Response,Synchrotron Measurements
2026-03-31,RIXS-chiral-phonon-BaTiO3,2302.03925,"Chiral phonons probed by X rays",cond-mat.mtrl-sci,related,yes,Phonons and Thermal Properties,Coupled-Field Response;Low-Dimensional Materials,Synchrotron Measurements
2026-03-31,RIXS-chiral-phonon-BaTiO3,2603.15325,"Coupled Ferroelectricity and Phonon Chirality",cond-mat.mtrl-sci,related,yes,Phonons and Thermal Properties,Coupled-Field Response;Phase Transitions,Synchrotron Measurements
2026-03-31,RIXS-chiral-phonon-BaTiO3,2512.22050,"Non-reciprocal circular dichroism of ferro-rotational phonons in MnTiO3",cond-mat.str-el,related,yes,Phonons and Thermal Properties,Nonlinear Response;Coupled-Field Response,Synchrotron Measurements
2026-03-31,RIXS-chiral-phonon-BaTiO3,2512.00388,"Altermagnetic boosting of chiral phonons",cond-mat.str-el,related,yes,Phonons and Thermal Properties,Magnons and Spin Dynamics;Coupled-Field Response,Synchrotron Measurements
2026-03-31,RIXS-chiral-phonon-BaTiO3,2501.10650,"Magnetic switching of phonon angular momentum in a ferrimagnetic insulator",cond-mat.mtrl-sci,related,yes,Phonons and Thermal Properties,Magnons and Spin Dynamics;Magnetic Domains and Domain Walls,Synchrotron Measurements
2026-03-31,RIXS-chiral-phonon-BaTiO3,2503.22794,"Comprehensive Study of Phonon Chirality under Symmetry Constraints",cond-mat.mtrl-sci,related,yes,Phonons and Thermal Properties,Coupled-Field Response;Phase Transitions,
2026-03-31,RIXS-chiral-phonon-BaTiO3,2501.16034,"Circular dichroism in resonant inelastic x-ray scattering from birefringence in CuO",cond-mat.str-el,related,yes,Measurement and Spectroscopy,Charge Orbital and Spin Order;Coupled-Field Response,Synchrotron Measurements
2026-03-31,metallic-spin-supersolid-MCE,2603.24446,"RKKY-dipolar Interactions and 3D Spin Supersolid on Stacked Triangular Lattice",cond-mat.str-el,anchor,yes,Magnetism and Spin,Phase Transitions;Spin Liquids and Quantum Many-Body Systems,Monte Carlo
2026-03-31,metallic-spin-supersolid-MCE,2603.24445,"Electrical Transport and Quantum Oscillations in the Metallic Spin Supersolid EuCo2Al9",cond-mat.str-el,related,yes,Magnetism and Spin,Phase Transitions;Low-Temperature Properties,Transport Measurements
2026-03-31,metallic-spin-supersolid-MCE,2603.14682,"Giant anomalous Hall conductivity in frustrated magnet EuCo2Al9",cond-mat.str-el,related,yes,Magnetism and Spin,Phase Transitions;Spin-Orbit Interaction,Transport Measurements
2026-03-31,metallic-spin-supersolid-MCE,2601.20963,"Spin-orbit-induced Instability and Finite-Temperature Stabilization of a Triangular-lattice Supersolid",cond-mat.str-el,related,yes,Magnetism and Spin,Phase Transitions;Spin Liquids and Quantum Many-Body Systems,Monte Carlo
2026-03-31,metallic-spin-supersolid-MCE,2601.01890,"Emergent Spin Supersolids in Frustrated Quantum Materials",cond-mat.str-el,related,yes,Magnetism and Spin,Spin Liquids and Quantum Many-Body Systems;Phase Transitions,
2026-03-31,metallic-spin-supersolid-MCE,2509.26151,"Spin-supersolidity induced quantum criticality and magnetocaloric effect in Rb2Co(SeO3)2",cond-mat.str-el,related,yes,Magnetism and Spin,Spin Liquids and Quantum Many-Body Systems;Low-Temperature Properties,Extreme Condition Measurements
2026-03-31,metallic-spin-supersolid-MCE,2504.11298,"Giant Magnetocaloric Effect in Spin Supersolid Candidate Na2BaCo(PO4)2",cond-mat.str-el,related,yes,Magnetism and Spin,Spin Liquids and Quantum Many-Body Systems;Phase Transitions,Neutron Scattering
2026-03-31,metallic-spin-supersolid-MCE,2511.18195,"Engineering the Magnetocaloric Effect in NdT4B",cond-mat.mtrl-sci,related,yes,Magnetism and Spin,Phase Transitions;Bulk Alloys,
2026-03-31,self-healing-vitrimer,2503.03701,"Ultra-stretchable and Self-Healable Vitrimers with Tuneable Damping and Mechanical Response",cond-mat.soft,anchor,yes,Materials Synthesis and Processing,Phase Transitions;Energy-Efficient Functionality,Molecular Dynamics
2026-03-31,self-healing-vitrimer,2603.25532,"Entropic phase separation in polymer--vitrimer melts",cond-mat.soft,related,yes,Materials Synthesis and Processing,Phase Transitions;Energy-Efficient Functionality,Molecular Dynamics
2026-03-31,self-healing-vitrimer,2503.20956,"Toward Sustainable Polymer Design: A Molecular Dynamics-Informed Machine Learning Approach for Vitrimers",cond-mat.mtrl-sci,related,yes,Materials Synthesis and Processing,Energy-Efficient Functionality,Molecular Dynamics;Machine Learning
2026-03-31,self-healing-vitrimer,2401.11087,"Network evolution controlling strain-induced damage and self-healing of elastomers with dynamic bonds",cond-mat.soft,related,yes,Materials Synthesis and Processing,Phase Transitions,Molecular Dynamics
2026-03-31,self-healing-vitrimer,2503.18771,"A geometrically inspired constitutive framework for damage and intrinsic self-healing of elastomers",cond-mat.mtrl-sci,related,yes,Computation and Theory,Phase Transitions;Defects and Impurities,
2026-03-31,self-healing-vitrimer,2402.16226,"Entropic Cohesion in Vitrimers",cond-mat.soft,related,yes,Materials Synthesis and Processing,Phase Transitions,Molecular Dynamics
2026-03-31,self-healing-vitrimer,2603.23881,"Rethinking failure in polymer networks: a probabilistic view on progressive damage",cond-mat.soft,related,yes,Computation and Theory,Phase Transitions,
2026-04-01,HEA-lattice-MC-chemical-order,2603.21207,"Towards Computational Microscope of Chemical Order-Disorder via ML-Accelerated Monte Carlo Simulation",cond-mat.mtrl-sci,anchor,yes,Computation and Theory,Bulk Alloys;Phase Transitions,Monte Carlo;Machine Learning;Surrogate Modeling
2026-04-01,HEA-lattice-MC-chemical-order,2503.12591,"Revealing Nanostructures in High-Entropy Alloys via Machine-Learning Accelerated Scalable Monte Carlo Simulation",cond-mat.mtrl-sci,related,yes,Computation and Theory,Bulk Alloys;Phase Transitions,Monte Carlo;Machine Learning
2026-04-01,HEA-lattice-MC-chemical-order,2603.08855,"Ground-State Structure Search of Defective High-Entropy Alloys Using Machine-Learning Potentials and Monte Carlo Sampling",cond-mat.mtrl-sci,related,yes,Structure and Microstructure,Defects and Impurities;Bulk Alloys,Monte Carlo;Machine Learning
2026-04-01,HEA-lattice-MC-chemical-order,2603.23029,"Fine-tuning of Universal Machine-Learning Interatomic Potentials for 2D High-Entropy Alloys",cond-mat.mtrl-sci,related,yes,Computation and Theory,Bulk Alloys;Low-Dimensional Materials,Monte Carlo;Machine Learning
2026-04-01,HEA-lattice-MC-chemical-order,2410.05604,"Accelerating the Discovery of Low-Energy Structure Configurations: A Computational Approach that Integrates First-Principles Calculations Monte Carlo Sampling and Machine Learning",cond-mat.mtrl-sci,related,yes,Computation and Theory,Bulk Alloys;Defects and Impurities,Monte Carlo;Machine Learning;First-Principles Calculations
2026-04-01,HEA-lattice-MC-chemical-order,2411.18906,"Short-Range Order Based Ultra Fast Large-Scale Modeling of High-Entropy Alloys",cond-mat.mtrl-sci,related,yes,Computation and Theory,Bulk Alloys,Monte Carlo;Machine Learning
2026-04-01,grain-boundary-self-pinning-KMC,2602.10353,"Self-pinning mechanism for grain boundary stabilization",cond-mat.mtrl-sci,anchor,yes,Structure and Microstructure,Defects and Impurities;Phase Transitions,Monte Carlo
2026-04-01,grain-boundary-self-pinning-KMC,2406.05277,"A model of thermodynamic stabilization of nanocrystalline grain boundaries in alloy systems",cond-mat.mtrl-sci,related,yes,Structure and Microstructure,Defects and Impurities;Phase Transitions,Monte Carlo
2026-04-01,grain-boundary-self-pinning-KMC,2503.17129,"A model of full thermodynamic stabilization of nanocrystalline alloys",cond-mat.mtrl-sci,related,yes,Structure and Microstructure,Defects and Impurities;Phase Transitions,Monte Carlo
2026-04-01,grain-boundary-self-pinning-KMC,2510.15840,"Multiscale Modeling of Abnormal Grain Growth: Role of Solute Segregation and Grain Boundary Character",cond-mat.mtrl-sci,related,yes,Structure and Microstructure,Defects and Impurities;Phase Transitions,First-Principles Calculations;Phase-Field Method
2026-04-01,grain-boundary-self-pinning-KMC,2507.19429,"Disconnection formation via segregation-induced grain boundary phase transitions",cond-mat.mtrl-sci,related,yes,Structure and Microstructure,Defects and Impurities;Phase Transitions,Molecular Dynamics
2026-04-01,grain-boundary-self-pinning-KMC,2405.08193,"Topological grain boundary segregation transitions",cond-mat.mtrl-sci,related,yes,Structure and Microstructure,Defects and Impurities;Phase Transitions,TEM
2026-04-01,grain-boundary-self-pinning-KMC,1905.04126,"Solute drag and dynamic phase transformations in moving grain boundaries",cond-mat.mtrl-sci,related,yes,Computation and Theory,Defects and Impurities;Phase Transitions,Monte Carlo
2026-04-01,grain-boundary-self-pinning-KMC,2601.15699,"Atomic-Scale Insights into Solute Drag Effects on Grain Boundary Motion in Mg-Al and Mg-Ca Alloys",cond-mat.mtrl-sci,related,yes,Structure and Microstructure,Defects and Impurities;Bulk Alloys,Molecular Dynamics;Monte Carlo
2026-04-01,GST-beta-relaxation-percolation,2603.01559,"Percolation-driven beta-relaxation enables resonant acceleration of crystallization in amorphous phase-change materials",cond-mat.mtrl-sci,anchor,yes,Nonequilibrium and Dynamic Response,Phase Transitions;Nonequilibrium Phase Transitions,Molecular Dynamics;Machine Learning
2026-04-01,GST-beta-relaxation-percolation,2411.02922,"Unified percolation scenario for the alpha and beta processes in simple glass formers",cond-mat.soft,related,yes,Nonequilibrium and Dynamic Response,Phase Transitions;Nonequilibrium Phase Transitions,Molecular Dynamics
2026-04-01,GST-beta-relaxation-percolation,2304.03109,"Unraveling the Crystallization Kinetics of the Ge2Sb2Te5 Phase Change Compound with a Machine-Learned Interatomic Potential",cond-mat.mtrl-sci,related,yes,Nonequilibrium and Dynamic Response,Phase Transitions;Nonequilibrium Phase Transitions,Molecular Dynamics;Machine Learning
2026-04-01,GST-beta-relaxation-percolation,2501.07384,"Million-atom simulation of the set process in phase change memories at the real device scale",cond-mat.mtrl-sci,related,yes,Devices and Functional Materials,Phase Transitions;Memory and Information Functionality,Molecular Dynamics;Machine Learning
2026-04-01,GST-beta-relaxation-percolation,2501.18370,"Simulation of the crystallization kinetics of Ge2Sb2Te5 nanoconfined in superlattice geometries for phase change memories",cond-mat.mtrl-sci,related,yes,Devices and Functional Materials,Phase Transitions;Thin Films and Interfaces,Molecular Dynamics;Machine Learning
2026-04-01,GST-beta-relaxation-percolation,2503.21446,"Amorphous phase-change memory alloy with no resistance drift",cond-mat.mtrl-sci,related,yes,Devices and Functional Materials,Phase Transitions;Memory and Information Functionality,First-Principles Calculations
2026-04-01,GST-beta-relaxation-percolation,2512.10469,"Atomistic understanding of two-dimensional monatomic phase-change material for non-volatile optical applications",cond-mat.mtrl-sci,related,yes,Devices and Functional Materials,Phase Transitions;Low-Dimensional Materials,Molecular Dynamics;First-Principles Calculations
2026-04-01,GST-beta-relaxation-percolation,2411.08194,"Computationally Efficient Machine-Learned Model for GST Phase Change Materials via Direct and Indirect Learning",cond-mat.mtrl-sci,related,yes,Computation and Theory,Phase Transitions;Memory and Information Functionality,Molecular Dynamics;Machine Learning;Surrogate Modeling
2026-04-01,PINNs-phonon-BTE,2603.28932,"A Unified Multiscale Auxiliary PINN Framework for Generalized Phonon Transport",cond-mat.mes-hall,anchor,yes,Computation and Theory,Phonons and Thermal Properties;Thermal Transport,PINNs
2026-04-01,PINNs-phonon-BTE,2103.07983,"Physics-Informed Neural Networks for Solving Multiscale Mode-Resolved Phonon Boltzmann Transport Equation",physics.comp-ph,related,yes,Computation and Theory,Phonons and Thermal Properties;Thermal Transport,PINNs
2026-04-01,PINNs-phonon-BTE,2201.04731,"Physics-Informed Deep Learning for Solving Phonon Boltzmann Transport Equation with Large Temperature Non-Equilibrium",cond-mat.mes-hall,related,yes,Computation and Theory,Phonons and Thermal Properties;Thermal Transport,PINNs
2026-04-01,PINNs-phonon-BTE,2408.10965,"Monte Carlo Physics-Informed Neural Networks for Multiscale Heat Conduction via Phonon Boltzmann Transport Equation",cond-mat.mes-hall,related,yes,Computation and Theory,Phonons and Thermal Properties;Thermal Transport,PINNs;Monte Carlo
2026-04-01,PINNs-phonon-BTE,2403.06342,"Separable Physics-Informed Neural Networks for Solving the BGK Model of the Boltzmann Equation",math.NA,related,yes,Computation and Theory,Nonequilibrium Phase Transitions,PINNs
2026-04-01,PINNs-phonon-BTE,2202.05251,"Inverse Design in Nanoscale Heat Transport via Interpolating Interfacial Phonon Transmission",cond-mat.mes-hall,related,yes,Phonons and Thermal Properties,Thermal Transport;Nanostructures,Inverse Design;PINNs
2026-04-01,PINNs-phonon-BTE,2511.20360,"Signatures of Coherent Phonon Transport in Frequency Dependent Lattice Thermal Conductivity",cond-mat.mes-hall,related,yes,Phonons and Thermal Properties,Thermal Transport;Nanostructures,
2026-04-01,PINNs-phonon-BTE,2510.26058,"A Review of AI-Driven Approaches for Nanoscale Heat Conduction and Radiation",cond-mat.mes-hall,related,yes,Computation and Theory,Phonons and Thermal Properties;Thermal Transport,Machine Learning;PINNs
2026-04-01,DMFT-NN-surrogate,2603.25557,"Neural network as low-cost surrogates for impurity solvers in quantum embedding methods",cond-mat.str-el,anchor,yes,Computation and Theory,Spin Liquids and Quantum Many-Body Systems;Phase Transitions,Machine Learning;Surrogate Modeling
2026-04-01,DMFT-NN-surrogate,2603.15741,"Neural-Network Quantum Embedding Solvers for Correlated Materials",cond-mat.str-el,related,yes,Computation and Theory,Spin Liquids and Quantum Many-Body Systems;Phase Transitions,Machine Learning;Surrogate Modeling
2026-04-01,DMFT-NN-surrogate,2306.06975,"A language-inspired machine learning approach for solving strongly correlated problems with dynamical mean-field theory",cond-mat.str-el,related,yes,Computation and Theory,Spin Liquids and Quantum Many-Body Systems,Machine Learning;Surrogate Modeling
2026-04-01,DMFT-NN-surrogate,2509.12431,"Neural-Quantum-States Impurity Solver for Quantum Embedding Problems",cond-mat.str-el,related,yes,Computation and Theory,Spin Liquids and Quantum Many-Body Systems,Machine Learning
2026-04-01,DMFT-NN-surrogate,2511.14505,"Neural network impurity solver for real-frequency dynamical mean-field theory",cond-mat.str-el,related,yes,Computation and Theory,Spin Liquids and Quantum Many-Body Systems;Charge Orbital and Spin Order,Machine Learning;Surrogate Modeling
2026-04-01,DMFT-NN-surrogate,2603.26452,"Towards a unified first-principles-based description of VO2 using DFT+DMFT with bond-centered orbitals",cond-mat.str-el,related,yes,Superconductivity and Strongly Correlated Systems,Phase Transitions;Charge Orbital and Spin Order,First-Principles Calculations
2026-04-01,DMFT-NN-surrogate,2601.16401,"Accelerating dynamical mean-field theory convergence by preconditioning with computationally cheaper quantum embedding methods",cond-mat.str-el,related,yes,Computation and Theory,Spin Liquids and Quantum Many-Body Systems,
2026-04-01,NEB-crystal-phase-transition,2510.16721,"Scalable cell filter nudged elastic band (CFNEB) for large-scale transition-path calculations",cond-mat.mtrl-sci,anchor,yes,Structure and Microstructure,Phase Transitions;Nonequilibrium Phase Transitions,First-Principles Calculations;Machine Learning
2026-04-01,NEB-crystal-phase-transition,2506.05105,"Classification and enumeration of solid-solid phase transition mechanisms",cond-mat.mtrl-sci,related,yes,Computation and Theory,Phase Transitions;Nonequilibrium Phase Transitions,First-Principles Calculations
2026-04-01,NEB-crystal-phase-transition,2310.05683,"Layer-by-layer phase transformation in Ti3O5 revealed by machine-learning molecular dynamics simulations",cond-mat.mtrl-sci,related,yes,Nonequilibrium and Dynamic Response,Phase Transitions;Nonequilibrium Phase Transitions,Machine Learning;Molecular Dynamics
2026-04-01,NEB-crystal-phase-transition,2603.23851,"Coupling of phase transition anharmonicity and thermal transport in CaSnF6",cond-mat.mtrl-sci,related,yes,Phonons and Thermal Properties,Phase Transitions;Thermal Transport,Machine Learning;Molecular Dynamics
2026-04-01,NEB-crystal-phase-transition,2601.12630,"Enhanced Climbing Image Nudged Elastic Band method with Hessian Eigenmode Alignment",cond-mat.mtrl-sci,related,yes,Computation and Theory,Phase Transitions,First-Principles Calculations
2026-04-01,NEB-crystal-phase-transition,2408.12358,"Unraveling the Atomic-Scale Pathways Driving Pressure-Induced Phase Transitions in Silicon",cond-mat.mtrl-sci,related,yes,Structure and Microstructure,Phase Transitions;Nonequilibrium Phase Transitions,First-Principles Calculations;Machine Learning
2026-04-01,NEB-crystal-phase-transition,2506.01449,"Machine Learning-Guided Discovery of Temperature-Induced Solid-Solid Phase Transitions in Inorganic Materials",cond-mat.mtrl-sci,related,yes,Computation and Theory,Phase Transitions;Nonequilibrium Phase Transitions,Machine Learning;First-Principles Calculations
2026-04-01,NEB-crystal-phase-transition,2410.10506,"Nudged-Elastic Band Calculations of Polymorph Transitions and Solid-State Reactions in Molecular Crystals",cond-mat.mtrl-sci,related,yes,Materials Synthesis and Processing,Phase Transitions,Machine Learning;First-Principles Calculations
2026-04-02,MPEA-vacancy-diffusion-eLCE-KMC,2603.24228,"Diffusion coefficients of multi-principal element alloys from first principles",cond-mat.mtrl-sci,anchor,yes,Computation and Theory,Bulk Alloys;Defects and Impurities,First-Principles Calculations;Monte Carlo
2026-04-02,MPEA-vacancy-diffusion-eLCE-KMC,2509.21944,"Modeling the Equilibrium Vacancy Concentration in Multi-Principal Element Alloys from First-Principles",cond-mat.mtrl-sci,related,yes,Computation and Theory,Bulk Alloys;Defects and Impurities,First-Principles Calculations;Monte Carlo
2026-04-02,MPEA-vacancy-diffusion-eLCE-KMC,2511.16059,"Extending SLUSCHI for Automated Diffusion Calculations",cond-mat.mtrl-sci,related,yes,Computation and Theory,Bulk Alloys;Phase Transitions,Molecular Dynamics;First-Principles Calculations
2026-04-02,MPEA-vacancy-diffusion-eLCE-KMC,2602.18608,"Real-time vacancy concentration evolution revealed via heavy ion irradiation experiments",cond-mat.mtrl-sci,related,yes,Structure and Microstructure,Defects and Impurities;Nonequilibrium Phase Transitions,Monte Carlo
2026-04-02,MPEA-vacancy-diffusion-eLCE-KMC,2601.05917,"First-principles study of hydrogen diffusion in polycrystalline Nickel",cond-mat.mtrl-sci,related,yes,Computation and Theory,Defects and Impurities;Bulk Alloys,First-Principles Calculations;Monte Carlo
2026-04-02,MPEA-vacancy-diffusion-eLCE-KMC,2511.18069,"Hydrogen diffusion in TiCr2Hx Laves phases: A combined ab initio and machine-learning-potential study",cond-mat.mtrl-sci,related,yes,Computation and Theory,Defects and Impurities;Bulk Alloys,First-Principles Calculations;Molecular Dynamics;Machine Learning
2026-04-04,PDF-amorphous-GLASS,2603.23210,"Generative Inversion of Spectroscopic Data for Amorphous Structure Elucidation",cond-mat.dis-nn;cond-mat.mtrl-sci,anchor,yes,Measurement and Spectroscopy,Nanostructures;Defects and Impurities,Machine Learning;Synchrotron Measurements
2026-04-04,PDF-amorphous-GLASS,2507.05024,"A Generative Diffusion Model for Amorphous Materials",cond-mat.dis-nn,related,yes,Measurement and Spectroscopy,Nanostructures;Defects and Impurities,Machine Learning
2026-04-04,PDF-amorphous-GLASS,2602.20959,"Determining Atomic Structure from Spectroscopy via an Active Learning Framework",cond-mat.mtrl-sci,related,yes,Measurement and Spectroscopy,Nanostructures;Defects and Impurities,Machine Learning;Synchrotron Measurements
2026-04-04,PDF-amorphous-GLASS,2209.01358,"Machine learning based approach for solving atomic structures of nanomaterials combining pair distribution functions with density functional theory",cond-mat.mtrl-sci,related,yes,Measurement and Spectroscopy,Nanostructures,Machine Learning;Synchrotron Measurements
2026-04-04,PDF-amorphous-GLASS,2504.21462,"High-Quality Ultra-Fast Total Scattering and Pair Distribution Function Data using an X-ray Free Electron Laser",cond-mat.mtrl-sci,related,yes,Measurement and Spectroscopy,Nanostructures;Defects and Impurities,Synchrotron Measurements
2026-04-04,PDF-amorphous-GLASS,2407.16681,"Signatures of paracrystallinity in amorphous silicon",cond-mat.mtrl-sci;cond-mat.dis-nn,related,yes,Measurement and Spectroscopy,Nanostructures;Defects and Impurities,Machine Learning;Molecular Dynamics
2026-04-04,PDF-amorphous-GLASS,2603.06484,"Structural Commonalities in Different Classes of Non-Crystalline Materials",cond-mat.mtrl-sci,related,yes,Measurement and Spectroscopy,Nanostructures;Defects and Impurities,Synchrotron Measurements
2026-04-04,PDF-amorphous-GLASS,2509.13916,"Inverse Design of Amorphous Materials with Targeted Properties",cond-mat.mtrl-sci,related,yes,Measurement and Spectroscopy,Nanostructures;Defects and Impurities,Machine Learning
2026-04-04,QMC-symmetry-resolved-entanglement,2604.02307,"Detecting Symmetry-Resolved Entanglement: A Quantum Monte Carlo Approach",cond-mat.str-el,anchor,yes,Superconductivity and Strongly Correlated Systems,Spin Liquids and Quantum Many-Body Systems;Phase Transitions,Monte Carlo
2026-04-04,QMC-symmetry-resolved-entanglement,2601.13774,"Entanglement entropy and disorder operator at kagome deconfined quantum criticality",cond-mat.str-el,related,yes,Superconductivity and Strongly Correlated Systems,Spin Liquids and Quantum Many-Body Systems;Phase Transitions,Monte Carlo
2026-04-04,QMC-symmetry-resolved-entanglement,2406.02681,"Scaling of Disorder Operator and Entanglement Entropy at Easy-Plane Deconfined Quantum Criticalities",cond-mat.str-el,related,yes,Superconductivity and Strongly Correlated Systems,Spin Liquids and Quantum Many-Body Systems;Phase Transitions,Monte Carlo
2026-04-04,QMC-symmetry-resolved-entanglement,2308.07380,"Disorder Operator and Renyi Entanglement Entropy of Symmetric Mass Generation",cond-mat.str-el,related,yes,Superconductivity and Strongly Correlated Systems,Spin Liquids and Quantum Many-Body Systems,Monte Carlo
2026-04-04,QMC-symmetry-resolved-entanglement,2602.12185,"Charged moments and symmetry-resolved entanglement from Ballistic Fluctuation Theory",cond-mat.stat-mech,related,yes,Computation and Theory,Spin Liquids and Quantum Many-Body Systems,
2026-04-04,QMC-symmetry-resolved-entanglement,2310.01490,"Resummation-based Quantum Monte Carlo for Entanglement Entropy Computation",cond-mat.str-el,related,yes,Computation and Theory,Spin Liquids and Quantum Many-Body Systems,Monte Carlo
2026-04-04,QMC-symmetry-resolved-entanglement,2401.07244,"Incremental SWAP Operator for Entanglement Entropy: Application for Exponential Observables in Quantum Monte Carlo Simulation",cond-mat.str-el,related,yes,Computation and Theory,Spin Liquids and Quantum Many-Body Systems,Monte Carlo
2026-04-04,QMC-symmetry-resolved-entanglement,2312.11746,"Disentangling the Physics of the Attractive Hubbard Model via the Accessible and Symmetry-Resolved Entanglement Entropies",cond-mat.str-el,related,yes,Superconductivity and Strongly Correlated Systems,Spin Liquids and Quantum Many-Body Systems;Phase Transitions,Monte Carlo
2026-04-04,QMC-symmetry-resolved-entanglement,1711.09418,"Symmetry-Resolved Entanglement in Many-Body Systems",cond-mat.stat-mech,related,yes,Computation and Theory,Spin Liquids and Quantum Many-Body Systems,
2026-04-06,spin-ice-zero-point-entropy,2604.00115,"A footprint of zero-point entropy in higher-temperature magnetic thermodynamics",cond-mat.str-el,anchor,yes,Magnetism and Spin,Spin Liquids and Quantum Many-Body Systems;Low-Temperature Properties,Extreme Condition Measurements
2026-04-06,spin-ice-zero-point-entropy,2411.03547,"An Atlas of Classical Pyrochlore Spin Liquids",cond-mat.str-el,related,yes,Magnetism and Spin,Spin Liquids and Quantum Many-Body Systems;Phase Transitions,Monte Carlo
2026-04-06,spin-ice-zero-point-entropy,2505.00767,"Anisotropic Spin Ice on a Breathing Pyrochlore Lattice",cond-mat.str-el,related,yes,Magnetism and Spin,Spin Liquids and Quantum Many-Body Systems;Low-Temperature Properties,Monte Carlo
2026-04-06,spin-ice-zero-point-entropy,2505.13352,"Enhanced-Entropy Phases in Geometrically Frustrated Pyrochlore Magnets",cond-mat.str-el,related,yes,Magnetism and Spin,Spin Liquids and Quantum Many-Body Systems;Phase Transitions,Monte Carlo
2026-04-06,spin-ice-zero-point-entropy,2505.14811,"Monopoles Dirac Strings and Magnetic Noise in Model Spin Ice",cond-mat.str-el,related,yes,Magnetism and Spin,Spin Liquids and Quantum Many-Body Systems;Magnetic Domains and Domain Walls,Monte Carlo
2026-04-06,spin-ice-zero-point-entropy,2511.02899,"Low-temperature entropies and possible states in geometrically frustrated magnets",cond-mat.str-el,related,yes,Measurement and Spectroscopy,Spin Liquids and Quantum Many-Body Systems;Low-Temperature Properties,Extreme Condition Measurements
2026-04-06,spin-ice-zero-point-entropy,2511.04877,"Direct Visualization of the Magnetic Monopole Field in a 3D Artificial Spin Ice",cond-mat.mes-hall,related,yes,Measurement and Spectroscopy,Spin Liquids and Quantum Many-Body Systems;Low-Dimensional Materials,Synchrotron Measurements
2026-04-06,spin-ice-zero-point-entropy,2604.02180,"Entropic crystallization of geometrically frustrated magnets on 1/1 approximant Tsai-type quasicrystal",cond-mat.str-el,related,yes,Magnetism and Spin,Spin Liquids and Quantum Many-Body Systems;Phase Transitions,Monte Carlo
2026-04-06,elastocaloric-Heusler-record,2503.01186,"Huge Stress-induced Adiabatic Temperature Change in a High-Toughness All-d-metal Heusler Alloy",cond-mat.mtrl-sci,anchor,yes,Devices and Functional Materials,Phase Transitions;Coupled-Field Response,Transport Measurements;Extreme Condition Measurements
2026-04-06,elastocaloric-Heusler-record,2502.19034,"Enhanced deep-freezing magneto- and elasto-caloric effects by modifying lattice anharmonicity and electronic structures",cond-mat.mtrl-sci,related,yes,Devices and Functional Materials,Phase Transitions;Coupled-Field Response,First-Principles Calculations;Transport Measurements
2026-04-06,elastocaloric-Heusler-record,2502.18087,"Multicaloric effect in Fe48Rh52 alloy: case of combination magnetic field and uniaxial tension",cond-mat.mtrl-sci,related,yes,Multiphysics and Coupled Phenomena,Phase Transitions;Coupled-Field Response,Transport Measurements
2026-04-06,elastocaloric-Heusler-record,2504.16488,"Enhanced reversible barocaloric effect at low pressure in neopentyl plastic crystal solid solutions",cond-mat.mtrl-sci,related,yes,Devices and Functional Materials,Phase Transitions;Coupled-Field Response,Synchrotron Measurements;Neutron Scattering
2026-04-06,elastocaloric-Heusler-record,2501.14403,"Molecular origins of colossal barocaloric effects in plastic crystals",cond-mat.mtrl-sci,related,yes,Computation and Theory,Phase Transitions;Coupled-Field Response,Molecular Dynamics
2026-04-06,elastocaloric-Heusler-record,2509.06513,"Sub-nanosecond structural dynamics of the martensitic transformation in Ni-Mn-Ga",cond-mat.mtrl-sci,related,yes,Nonequilibrium and Dynamic Response,Phase Transitions;Nonequilibrium Phase Transitions,Pump-Probe Measurements;Molecular Dynamics
2026-04-06,elastocaloric-Heusler-record,2107.11092,"Functional Degradation and Self-enhanced Elastocaloric Cooling Performance of NiTi Tubes under Cyclic Compression",cond-mat.mtrl-sci,related,yes,Devices and Functional Materials,Phase Transitions;Coupled-Field Response,Transport Measurements
2026-04-06,electrocaloric-polar-frustration,2602.21520,"Robust Electrocaloric Performance Enabled by Highly-Polar Frustrated Nanodomains in NaNbO3-Based Ferrodistortive Relaxor",cond-mat.mtrl-sci,anchor,yes,Devices and Functional Materials,Phase Transitions;Coupled-Field Response,Neutron Scattering;First-Principles Calculations
2026-04-06,electrocaloric-polar-frustration,2507.07290,"Stabilization of the first-order phase transition character and Enhancement of the Electrocaloric Effect by NBT substitution in BaTiO3 ceramics",cond-mat.mtrl-sci,related,yes,Devices and Functional Materials,Phase Transitions;Coupled-Field Response,Transport Measurements
2026-04-06,electrocaloric-polar-frustration,2402.00777,"Electric field direction dependence of the electrocaloric effect in BaTiO3",cond-mat.mtrl-sci,related,yes,Computation and Theory,Phase Transitions;Coupled-Field Response,Molecular Dynamics
2026-04-06,electrocaloric-polar-frustration,2403.18475,"Record cryogenic cooling in ferroelectric hafnia proximity induced via Mott transition",cond-mat.mtrl-sci,related,yes,Devices and Functional Materials,Phase Transitions;Coupled-Field Response,Transport Measurements
2026-04-06,electrocaloric-polar-frustration,2503.20423,"Switching on Antiferroelectrics",cond-mat.mtrl-sci,related,yes,Devices and Functional Materials,Phase Transitions;Coupled-Field Response,
2026-04-06,electrocaloric-polar-frustration,2510.26386,"Large electrocaloric strength in ferroelectric nematic liquid crystals with a tuneable operational temperature range",cond-mat.soft;cond-mat.mtrl-sci,related,yes,Devices and Functional Materials,Phase Transitions;Coupled-Field Response,Transport Measurements
2026-04-06,electrocaloric-polar-frustration,2412.15884,"Direct measurement of the local electrocaloric effect in 2D ferroelectric In2Se3 by Scanning Electrocaloric Thermometry",cond-mat.mes-hall;cond-mat.mtrl-sci,related,yes,Measurement and Spectroscopy,Phase Transitions;Coupled-Field Response,STM/STS
2026-04-06,MACE-electrostatics-design-space,2603.14700,"Design Space of Self-Consistent Electrostatic Machine Learning Interatomic Potentials",physics.chem-ph;cond-mat.mtrl-sci,anchor,yes,Computation and Theory,Defects and Impurities;Thin Films and Interfaces,Machine Learning;Molecular Dynamics
2026-04-06,MACE-electrostatics-design-space,2206.07697,"MACE: Higher Order Equivariant Message Passing Neural Networks for Fast and Accurate Force Fields",cond-mat.mtrl-sci,related,yes,Computation and Theory,Thin Films and Interfaces,Machine Learning
2026-04-06,MACE-electrostatics-design-space,2602.19411,"MACE-POLAR-1: A Polarisable Electrostatic Foundation Model for Molecular Chemistry",physics.chem-ph,related,yes,Computation and Theory,Thin Films and Interfaces;Defects and Impurities,Machine Learning;Molecular Dynamics
2026-04-06,MACE-electrostatics-design-space,2510.13055,"Reciprocal Space Attention for Learning Long-Range Interactions",cond-mat.mtrl-sci,related,yes,Computation and Theory,Thin Films and Interfaces,Machine Learning
2026-04-06,MACE-electrostatics-design-space,2603.12183,"Proof-Carrying Materials: Falsifiable Safety Certificates for Machine-Learned Interatomic Potentials",cond-mat.mtrl-sci,related,yes,Computation and Theory,Defects and Impurities,Machine Learning
2026-04-06,MACE-electrostatics-design-space,2601.21056,"Better without U: Impact of Selective Hubbard U Correction on Foundational MLIPs",cond-mat.mtrl-sci,related,yes,Computation and Theory,Defects and Impurities,Machine Learning;First-Principles Calculations
2026-04-06,MACE-electrostatics-design-space,2603.26471,"Importance of Electronic Entropy for Machine Learning Interatomic Potentials",cond-mat.mtrl-sci,related,yes,Computation and Theory,Defects and Impurities;Charge Orbital and Spin Order,Machine Learning;First-Principles Calculations
2026-04-06,MACE-electrostatics-design-space,2603.22099,"Overcoming sampling limitations using machine-learned interatomic potentials: the case of water-in-salt electrolytes",physics.chem-ph,related,yes,Computation and Theory,Thin Films and Interfaces,Machine Learning;Molecular Dynamics
2026-04-06,MACE-electrostatics-design-space,2604.02524,"AQVolt26: High-Temperature r2SCAN Halide Dataset for Universal ML Potentials and Solid-State Batteries",cond-mat.mtrl-sci,related,yes,Computation and Theory,Defects and Impurities,Machine Learning;First-Principles Calculations
